Lookup_7_digit_VIN,1,Production Year,Brand Name,Series ,Badge,Body Code,Body Style,Cylinders,Drive Line,AWD/RWD,Fuel,Product Name
0608450,2,1988,BMW,6 SERIES,635CSi,e24,Coupe,6 cyl,Manual,RWD,Gas,1) Serious offers Requested:C COLLECTIBLE 0608450 BMW NOV 1988 E24 635CSi M30 5Spd MANUAL Euro All Parts
0613736,3,1986,BMW,6 SERIES,635CSi,e24,Coupe,6 cyl,Automatic,RWD,Gas,DISMANTLED - e24 0613736 V BMW e24 635CSi  Built 07 1986 M30 6 Cyl Auto 0613736
0637746,4,1984,BMW,7 SERIES,735i,e23,Sedan,6 cyl,Manual,RWD,Gas,DISMANTLED - e23 0637746 V BMW E23 735i BUILT Dec 1984 6 cyl m30 5 SPD MANUAL (1976-1989) 0637746
0653578,5,1985,BMW,5 SERIES,535i,e28,Sedan,6 cyl,Manual,RWD,Gas,DISMANTLED - e28 0653578 Sedan V BMW E28 535I M30 6 CYL 5 SPEED MANUAL BUILT MARCH 1985 0653578V BMW E28 535I M30 6 CYL 5 SPEED MAN
0683089,6,1986,BMW,6 SERIES,633CSi,e24,Sedan,6 cyl,Automatic,RWD,Gas,DISMANTLED - e24 0683089 C BMW e24 633CSi  Feb 1986 M30 Automatic Red on Black 0683089
0687780,7,1985,BMW,3 SERIES,318i,e30,Sedan,4 cyl,Automatic,RWD,Gas,DISMANTLED - e30 0687780 Sedan C 0687780 BMW E30 318i M10 AUTO  BRONZIT ON CLOTH WINDER
0978086,8,1986,BMW,7 SERIES,735i,e23,Coupe,6 cyl,Automatic,RWD,Gas,DISMANTLED - e23 0978086 V BMW E23 735I MARCH 1986 M30 6 Cyl Auto Gray 0978086
1191316,9,1983,BMW,5 SERIES,533i,e28,Sedan,6 cyl,Manual,RWD,Gas,DISMANTLED - e28 1191316 Sedan V BMW E28 533i M30 6 CYL 5 SPEED MANUAL BUILT DEC 1983 1191316 BRONZIT
1683172,10,1986,BMW,3 SERIES,325e,e30,Coupe,6 cyl,Manual,RWD,Gas,DISMANTLED - e30 1683172 Coupe C BMW E30 1981-1994  325E SEPT 1986 M20 6 cyl Manual 1683172 BMW-Luvv
1688720,11,1987,BMW,3 SERIES,325e,e30,Coupe,6 cyl,Automatic,RWD,Gas,DISMANTLED - e30 1688720 Coupe V BMW e30 325e  2 dr M20 6 cyl June 1987 Auto 1688720
2081461,12,1988,BMW,5 SERIES,525i,e34,Sedan,6 cyl,Manual,RWD,Gas,DISMANTLED - e34 2081461 Sedan V 2081461 BMW E34 525i  BUILT AUG 1988 M20 AUTO Alpin-weiss
2100138,13,1973,BMW,NEW CLASS,3.0 S,e3,Sedan,6 cyl,Manual,RWD,Gas,DISMANTLED - e3 2100138 V BMW e3 BAVARIA 3.0 S built NOV 1973 manual Black on black 2100138 Parts
2320365,14,1986,BMW,3 SERIES,325i,e30,Coupe,6 cyl,Manual,RWD,Gas,DISMANTLED - e30 2320365 Coupe V BMW e30 325i 2dr  M20 5 speed Dec 1986 Only 2320365
2362205,15,1974,BMW,NEW CLASS,2002,e9,Touring,4 cyl,Manual,RWD,Gas,DISMANTLED - 02 Series 2362205 Sedan V 2362205 BMW 2002 4 SPEED MANUAL M10 BUILT JULY 1974 Euro All Parts
2380502,16,1974,BMW,NEW CLASS,2002,e10,Coupe,4 cyl,Automatic,RWD,Gas,DISMANTLED - 02 Series 2380502 Coupe V BMW 2002 BUILT NOV 1974 M10 CARBURETOR 4 CYL AUTO 2380502 Euro All Parts
2763476,17,1973,BMW,NEW CLASS,2002tii,e10,Coupe,4 cyl,Manual,RWD,Gas,DISMANTLED - 02 Series 2763476 Coupe V BMW E10 2002tii 4cyl M10 Standard BUILT Aug 1973 2763476
2781182,18,1973,BMW,NEW CLASS,2002tii,e10,Coupe,4 cyl,Manual,RWD,Gas,DISMANTLED - 02 Series 2781182 Coupe C BMW e10 2002tii stock Built Jan 1973 M10 4 cyl Manual 2781182
3280024,19,1974,BMW,NEW CLASS,3.0 S,e3,Coupe,6 cyl,Automatic,RWD,Gas,DISMANTLED - e3 3280024 V BMW e3 BAVARIA 3.0 S automatic Silver on black BUILT Jan 1974 3280024
3317878,20,1988,BMW,7 SERIES,735i,e32,Sedan,6 cyl,Automatic,RWD,Gas,DISMANTLED - e32 3317878 V 3317878 BMW E32  M30 AUTOMATIC BUILT SEPT 1988 Alpin-weiss
3357515,21,1972,BMW,NEW CLASS,2000,e10,Hatchback,4 cyl,Manual,RWD,Gas,DISMANTLED - 02 Series 3357515 Touring - hatchback V BMW 2000  VIN 3357515 1972 M10 Manual Restoration Project Car
5437604,22,1977,BMW,3 SERIES,320i,e21,Coupe,4 cyl,Manual,RWD,Gas,DISMANTLED - e21 5437604 C BMW 5437604 e21 BUILT NOV 1977 M10 320i 4 SPEED MANUAL
5555953,23,1981,BMW,6 SERIES,633CSi,e24,Coupe,6 cyl,Manual,RWD,Gas,DISMANTLED - C BMW 5555953 E24 633CSi BUILT JAN 1981 M30B33 5 SPEED MANUAL BLACK ON CREAM POWER SPORT WITH GOODIES
5556107,24,1981,BMW,6 SERIES,633Csi,e24,Coupe,6 cyl,Manual,RWD,Gas,DISMANTLED - S BMW 5556107 E24 633Csi COUPE ALPINE WHITE ON BLUE M30B35 3.2L 5 SPEED MANUAL
6727784,25,1984,BMW,6 SERIES,633Csi,e24,Sedan,,Automatic,RWD,Gas,"BMW E24 STRIPPED FRAME FOR QUARTERS DISMANTLED - 6727784 FRAME // Google Search ""BMW-Luvv"""
6727784,26,1984,BMW,6 SERIES,633CSi,e24,Coupe,6 cyl,Manual,RWD,Gas,DISMANTLED - BMW e24 6727784 C e24 633CSi M30 5 Spd manual
7367520,27,1982,BMW,7 SERIES,733i,e23,Sedan,6 cyl,Automatic,RWD,Gas,DISMANTLED - e23 7367520 V BMW E23 733i BUILT JUNE 1982 M30 6 Cyl Auto 7367520
8031990,28,1982,BMW,7 SERIES,735i,e32,Coupe,6 cyl,Automatic,RWD,Gas,DISMANTLED - e32 8031990 OR PROJECT V 8031990 BMW E32 735i EURO  BUILT 1982
8055241,29,1982,BMW,3 SERIES,320i,e21,Coupe,4 cyl,Manual,RWD,Gas,0) SOLD AVAILABLE PROJECT - BMW E21 320i M10 5spd 3 Series 2 Dr Coupe  Built Jan 1982 DISMANTLED Shell - sold Euro All Parts
8055241,29,1982,BMW,3 SERIES ,320is,e21,Coupe,4 cyl,Manual,RWD,Gas,1) AVAILABLE PROJECT - 8055241 BMW E21 320is M10 5spd 3 Series 2 Dr Coupe Built Sept 1982 - Complete Running - Call or email Offers
8056241,31,1982,BMW,3 SERIES,320i,e21,Coupe,4 cyl,Manual,RWD,Gas,"DISMANTLED - e21 8056241 C PROJECT CAR BMW E21 320i 8056241 WITH OEM SPORT ""is"" PACKAGE"
8066196,32,1981,BMW,3 SERIES,320i,e21,Coupe,4 cyl,Automatic,RWD,Gas,DISMANTLED - e21 8066196 V BMW e21 320i M10 4 cyl Auto BUILT OCT 1981 2 DR  8066196
8066196,32,1981,BMW,3 SERIES,320i,e21,Sedan,6 cyl,Automatic,RWD,Gas,DISMANTLED - V_4 BMW e21 320i sedan 1975 1982 M10 6 cyl Auto Part out Euro All Parts Euro All Parts V_4 e21 32- B
8251620,34,1987,BMW,3 SERIES,325is,e30,Sedan,6 cyl,Manual,RWD,Gas,DISMANTLED - e30 8251620 Coupe V BMW e30 325is Built July 1987 6 cyl M20 Manual 5 Spd 8251620
8423659,35,1983,BMW,3 SERIES,318i,e30,Coupe,4 cyl,Automatic,RWD,Gas,DISMANTLED - e30 8423659 Coupe V BMW e30 318i 2DR  Built July 1983 M10 4 cyl Automatic Black 8423659
8717841,36,1984,BMW,3 SERIES,318i,e30,Coupe,4 cyl,Manual,RWD,Gas,DISMANTLED - e30 8717841 Coupe V BMW e30 4Cyl M10 5 Spd Feb 1984  Black 8717841
8779149,37,1984,BMW,3 SERIES,318i,e30,Coupe,4 cyl,Automatic,RWD,Gas,DISMANTLED - e30 8779149 Coupe V BMW E30  318i M10 4cyl Sept 1984 Auto Bronze 8779149
8824288,38,1988,BMW,3 SERIES,325e,e30,Sedan,6 cyl,Automatic,RWD,Gas,DISMANTLED - E30 J8824288 Sedan V BMW e30 325e  4dr March 1988 M20 6 cyl Auto 8824288
8847474,39,1988,BMW,3 SERIES,325i,e30,Sedan,6 cyl,Automatic,RWD,Gas,DISMANTLED - e30 8847474 Sedan V BMW E30 325I Nov 1988 M20 6 CYL AUTO  8847474
8865536,40,1988,BMW,3 SERIES,325e,e30,Coupe,6 cyl,Manual,RWD,Gas,DISMANTLED - e30 8865536 Coupe V BMW E30 325e  M20 6 cyl Jan 1988 5 Speed 8865536
9681012,41,1986,BMW,3 SERIES,325,e30,Sedan,6 cyl,Manual,RWD,Gas,DISMANTLED - e30 9681012 Sedan V BMW e30 325 1986  5-Spd M20 6 cyl feb 1986 9681012
9691477,42,1986,BMW,3 SERIES,325e,e30,Coupe,6 cyl,Manual,RWD,Gas,DISMANTLED - e30 9691477 Coupe V BMW e30 325e 2 DR  6 Cyl M20 Built June 1986 5 SPD MANUAL Red Rear Cut 9691477
9712969,43,1987,BMW,5 SERIES,528e,e28,Sedan,6 cyl,Automatic,RWD,Gas,DISMANTLED - e28 9712969 Sedan Jay BMW e28 528e Built Feb 1987 6 cyl M20 M20B27 Auto 9712969 1980-1990 9712969
9804217,44,1987,BMW,3 SERIES,325e,e30,Coupe,6 cyl,Manual,RWD,Gas,DISMANTLED - e30 9804217 Coupe D BMW E30 325e  1987 M20B27 5 SPEED MANUAL ZINNOBERROT ON BLACK HIT FRONT LEFT
9804449,45,1987,BMW,3 SERIES,325e,e30,Sedan,6 cyl,Manual,RWD,Gas,DISMANTLED - e30 9804449 Coupe S BMW e30 325e  2dr Built March 1987 6 cyl M20 5 Speed 9804449
A006819,46,2007,BMW,3 SERIES,335xi,e90,Sedan,6 cyl,Automatic,AWD,Gas,DISMANTLED - e90 A006819 C 2007-2008 BMW E90 335xi AWD  AUTOMATIC N54 ALPINE WHITE ON EARTH DAKODA LEATHER
A016051,47,1998,AUDI,,A4,B5,Coupe,6 cyl,Manual,AWD,Gas,DISMANTLED - A4 A016051 S Audi A4 1998 Silver V5 engine Silver 5 Spd Manual A016051
A025019,48,2006,MERCEDES-BENZ,C-Class,CL500,C215,Coupe,V8,Automatic,RWD,Gas,DISMANTLED CH A025019 2006 Mercedes-Benz C215 CL500 COUPE BLACK ON GRAY
A041247,49,2006,Mercedes-Benz,S-Class,CLS500,W219,Sedan,V8,Automatic,RWD,Gas,DISMANTLED - W219 A041247 A041247 CH BMW Mercedes Benz w219 CLS500 2006 M 113 E50 722.901 ALABASTER WHITE
A131328,50,2007,AUDI,,A4,B7,Sedan,4 cyl,Manual,AWD,Gas,DISMANTLED - A4 A131328 A131328 CH Audi Black A4 Quattro 2007 AWD 4Cyl 2.0L L4 DOHC 16Valve V6 6speed manual
A196897,51,2006,AUDI,,A4,B7,Sedan,4 cyl,Automatic,AWD,Gas,DISMANTLED - A4 A196897 A196897 CH AUDI 2.0L Turbo 2006 grey A4 Quattro S-Line
A265287,52,2008,BMW,3 SERIES,335d,e90,Sedan,6 cyl,Automatic,RWD,Diesil,DISMANTLED - e90 A265287 C BMW e90 LCI 335d 4 dr  Nov 2008  A265287 DIESIL Engine Auto
A310019,53,2002,MERCEDES-BENZ,ML,ML500,w163,SUV,V8,Automatic,AWD,Gas,DISMANTLED - Mercedes-Benz ML500 4x4 5L V8 5dr SUV Alabaster White US Built 2002
A454228,54,2009,BMW,3 SERIES,328xi,e90,Sedan,6 cyl,Automatic,AWD,Gas,DISMANTLED DH-2 BMW A454228 E90 328xi SEDAN AWD N52 AUTOMATIC BUILT:APRIL 2009 Titan-silber (354) LEDER SWARTZ Euro All Parts
AB7869,55,2004,BMW,3 SERIES,330i,e46,Sedan,6 cyl,Manual,RWD,Gas,DISMANTLED - e46 AB7869 Sedan C BMW e46 330i Hit in Front Black on Tan 6 CYL M54 5spd Manual 2004 AB7869
AM53924,56,1995,BMW,3 SERIES ,318ti,e36,Hatchback,4 cyl,Manual,RWD,Gas,DISMANTLED - e36 AM53924 Touring - hatchback C BMW E36 3 Series Compact 318ti Nov 95 M42 AM53924 5 spd
AO18279,57,2009,AUDI,,A5,B8,Sedan,V6,Manual,AWD,Gas,DISMANTLED - A5 AO18279 AO18279 CH AUDI A5 S-LINE AUTO 2009 V6 3.2L 3189cc Quattro AUTO Tiptronic
AS98955,58,1996,BMW,3 SERIES,318ti,e36,Hatchback,4 cyl,Automatic,RWD,Gas,DISMANTLED - e36 AS98955 Touring - hatchback D BMW e36 318ti 1996 M44 4 cylinder with PP hatchback Black on Taupe
AS99979,59,1997,BMW,3 SERIES,318ti,e36,Hatchback,4 cyl,Manual,RWD,Gas,DISMANTLED - e36 AS99979 Touring - hatchback D BMW e36 318ti M44 4 cyl 5 Spd Hatchback Built Nov 1997 Silver AS99979
AU36247,60,1996,BMW,3 SERIES,318ti,e36,Hatchback,4 cyl,Automatic,RWD,Gas,DISMANTLED - e36 AU36247 Touring - hatchback D BMW e36 318ti Built Feb 1996 4 Cyl M44 Automatic 3 door hatch back AU36247
AV15887,61,1996,BMW,3 SERIES,328i,e36,Sedan,6 cyl 2.8L,Manual,RWD,Gas,DISMANTLED - e36 AV15887 C BMW e36 328i  Jan 1996 M52 2.8L 6 Cyl 5 Spd Manual AV15887
AV20771,62,1997,BMW,3 SERIES,328i,e36,Sedan,6 cyl,Manual,RWD,Gas,DISMANTLED - E36 AV20771 Sedan D BMW E36 328I  M52 ATIKIS SILVER 5 SPEED MAUAL
AV22396,63,1997,BMW,3 SERIES,328i,e36,Sedan,6 cyl,Manual,RWD,Gas,DISMANTLED - E36 AV22396 Sedan C BMW E36 3 Series 328i  AV22396 Nov 97 M52
AV22668,64,1997,BMW,3 SERIES,328i,e36,Sedan,6 cyl,Automatic,RWD,Gas,DISMANTLED - E36 AV22668 Sedan V BMW e36 328i  Built Nov 1997 M52 6 cyl Auto AV22668 PARTS
AV23672,65,1998,BMW,3 SERIES,328i,e36,Sedan,6 cyl,Manual,RWD,Gas,DISMANTLED - E36 AV23672 Sedan C BMW e36 328i  Built Jan 1998 6 cyl M52 with 5 Spd AV23672 Silver on Black
AV42065,66,1996,BMW,3 SERIES,328i,e36,Sedan,6 cyl,Automatic,RWD,Gas,1) DISMANTLED BMW e36 328i April 1996 3 Serie Sedan 6 CYL M52 Auto AV42065 Euro All Parts AV42065- B
AV53307,67,1997,BMW,3 SERIES,328i,e36,Sedan,6 cyl,Automatic,RWD,Gas,DISMANTLED- AV53307 BMW e36 328i Sedan 4dr BUILT May 1997 6 CYL M52 Auto VIN AV53307 Euro All Parts AV53307- B
AV53852,68,1997,BMW,3 SERIES,328i,e36,Sedan,6 cyl,Automatic,RWD,Gas,DISMANTLED - E36 AV53852 Sedan V BMW e36 328i 4 dr  June 1997 M52 Auto Black on Gray Sport AV53852
AV57560,69,1997,BMW,3 SERIES,328i,e36,Sedan,6 cyl,Automatic,RWD,Gas,DISMANTLED - E36 AV57560 Sedan C BMW e36 328i  Built Nov 1997 6 Cyl M52 DV Auto AV57560 1989 to 2000
AV64355,70,1999,BMW,3 SERIES,328i,e36,Sedan,6 cyl,Automatic,RWD,Gas,DISMANTLED - E36 AV64355 Sedan C BMW E36 328i M52 6 cyl Automatic VIN AV64355  April 1999
AW18276,71,2005,BMW,3 SERIES,323i,e90,Sedan,6 cyl,Automatic,RWD,Gas,DISMANTLED - E90 AW18276 C BMW AW18276 E90 323i BUILT MAY 2005 N52 6 CYL AUTO Schwarz 2
B048559,72,2004,BMW,5 SERIES,530i,e60,Sedan,6 cyl,Automatic,RWD,Gas,DISMANTLED - E60 B048559 S BMW e60 530i 5 Series Aug 2004 M54 6 cyl Auto Hit B048559
B048623,73,2007,BMW,5 SERIES,530i,e60,Sedan,6 cyl,Manual,RWD,Gas,DISMANTLED - e60 B048623 C BMW B048623 E60 530i BUILT 07 2004 M54 6 SPD Black-sapphire Metallic LEATHER dakota schwarz
B088567,74,2004,BMW,5 SERIES,545i,e60,Sedan,V8,Manual,RWD,Gas,DISMANTLED - e60 B088567 C BMW E60 2001-2009 545i JULY 2004 N62 V8 B088567 BMW-Luvv
B088589,75,2004,BMW,5 SERIES,545i,e60,Sedan,V8,Manual,RWD,Gas,DIDMANTLED- CH B088589 BMW E60 545i 6 SPEED MANUAL STICK M62 V8 BUILT JULY 2004 TITIAN SILVER ON BLACK M SPORT LEATHER PACKAGE WALNUT TRIM
B290630,76,1991,BMW,6 SERIES,633CSi,e24,Coupe,6 cyl,Manual,RWD,Gas,DISMANTLED - e24 B290630 S BMW e24 633CSi 2 dr  M30 6 cyl 5 spd white & black May 1991 B290630
B322579,77,2004,BMW,6 SERIES,645Ci,e64,Convertible,V8,Automatic,RWD,Gas,DISMANTLED - e64 B322579 Convertible B322579 CH BMW 645Ci Convertible N62 Auto 2004 Silber-grau metallic Dakota
B755787,78,1982,BMW,3 SERIES,320i,e21,Coupe,4 cyl,Manual,RWD,Gas,DISMANTLED - E21 Coupe C e21 320i 1982
B808805,79,2004,BMW,5 SERIES,530i,e60,Sedan,6 cyl,Manual,RWD,Gas,DISMANTLED - e60 B808805 BMW e60 530i Shadow-Line M54 AUTO Titan-silber Leather Dakota BLACK
BA928377,80,2010,BMW,3 SERIES,323i,e90,Sedan,6 cyl,Automatic,RWD,Gas,DISMANTLED - e90 BA928377 BA928377 CH BMW E90 323i  N52 MANUAL 6 SPD JUNE 2010 Black 2 Sensatec
BF11862,81,1990,BMW,5 SERIES,535i,e34,Sedan,6 cyl 3.5L,Manual,RWD,Gas,DISMANTLED - e34 BF11862 Sedan C BMW e34 535i  Built Dec 1990 M30 3.5L 5 Spd Manual BF11862
BF12004,82,1991,BMW,5 SERIES,535i,e34,Sedan,6 cyl,Manual,RWD,Gas,DISMANTLED - e34 BF12004 Sedan C BMW E34 535i  MARCH 1991 M30 5 SP MANUAL BF12004 part out
BF61069,83,1989,BMW,5 SERIES,535i,e34,Sedan,6 cyl,Automatic,RWD,Gas,DISMANTLED - V BMW E34 535I M30B35 6 CYL 3.5L AUTOMATIC BUILT FEB 1989 BLUE ON LUX BLUE BF61069 BF61069- B
BF61357,84,1989,BMW,5 SERIES,535i,e34,Sedan,6 cyl,Automatic,RWD,Gas,DISMANTLED - e34 BF61357 Sedan V BMW e34 535i  Feb 1989 M30 Auto BF61357
BF72548,85,1991,BMW,5 SERIES,535i,e34,Sedan,6 cyl,Automatic,RWD,Gas,DISMANTLED - e34 BF72548 Sedan C BMW e34 1987-1996 535I  AUTOMATIC APRIL 1991 M30 BF72548 BMW-Luvv
BF72840,86,1992,BMW,5 SERIES,535i,e34,Sedan,6 cyl,Automatic,RWD,Gas,DISMANTLED -  BMW E34 535i 5 Series Sedan M30 Built July 1992 BF72840 Auto Euro All Parts BF72840- B
BK05308,87,1991,BMW,5 SERIES,M5,e34,Sedan,6 cyl,Manual,RWD,Gas,DISMANTLED - e34 BK05308 Sedan C BMW e34 M5 3.6L S38 MPower 5 Spd June 1991 Black on Black BK05308
BK05369,88,1990,BMW,5 SERIES,M5,e34,Sedan,6 cyl,Manual,RWD,Gas,1) Serious offers Requested: C COLLECTIBLE BK05369 JUNE 1991 E34 M5 SEDAN S38 3.6L 5 SPD MANUAL Euro All Parts
BK05428,89,1991,BMW,5 SERIES,M5,e34,Sedan,6 cyl,Manual,RWD,Gas,DISMANTLED - E34 Sedan C BMW e34 M5 S38 5 Series
BK05428,90,1990,BMW,5 SERIES,M5,e34,Sedan,6 cyl,Manual,RWD,Gas,1) Serious offers Requested:C COLLECTIBLE JUNE 1990 BMW E34 M5 S38 3.6L 5SPD MANUAL Euro All Parts
BK06394,91,1991,BMW,5 SERIES,M5,e34,Sedan,6 cyl,Manual,RWD,Gas,DISMANTLED - BMW E34 M5 5 Serie Nov 1991 MPower 3.6 S38 MANUAL BK06394 Euro All Parts BK06394- B
BO88567,92,2007,BMW,5 SERIES,545i,e60,Sedan,V8,Manual,RWD,Gas,DISMANTLED - e60 BO88567 C BMW E60 545i 5 Series VIN BO88567 july 2007 N62 V8 VIN BO88567
BV54125,93,1997,BMW,5 SERIES,528i,e39,Sedan,6 cyl,Manual,RWD,Gas,DISMANTLED - e39 BV54125 Sedan S BMW e39 528i Built Nov 1997 5 Series 6 Cyl M52 engine 5 speed BV54125
BV60288,94,1998,BMW,5 SERIES,528i,e39,Wagon ,6 cyl,Automatic,RWD,Gas,DISMANTLED - E39 BV60288 Wagon V BMW e39 528i  M52 6 Cyl Silver on Gray
BV93005,95,1997,BMW,5 SERIES,540i,e39,Sedan,V8,Manual,RWD,Gas,DISMANTLED - e39 BV93005 Sedan S BMW e39 540i 5 Series V8 M62 Manual Nov 1997 BV93005 Black on Black and tan
BV93005,95,1997,BMW,5 SERIES,540i,e39,Sedan,6 cyl,Manual,RWD,Gas,Part Out BMW E39 540i 4dr Sept 97 6 CYL M62 6 Spd manual BV93005 Euro All Parts BV93005- B
BV95243,97,1995,BMW,5 SERIES,540i,e39,Wagon,V8,Manual,RWD,Gas,DISMANTLED - e39 BV95243 Sedan C BMW E39 1995-2003 540i  M62 6 SPEED MANUAL 07 1998 BV95243
BW20869,98,1997,BMW,5 SERIES,528i,e39,Sedan ,V8,Automatic,RWD,Gas,DISMANTLED - e39 BW20869 Sedan CH BMW 528i  SILVER ON GRAY MARCH 1997 M52 AUTOMATIC BW20869 95-03
BW33062,99,1997,BMW,5 SERIES,528i,e39,Sedan,6 cyl,Automatic,RWD,Gas,DISMANTLED - e39 BW33062 Sedan C BMW E39 1995-2003 528i AUTOMATIC  NOV 1997 M52 6 CYL BW33062 BMW-Luvv
BW60030,100,1998,BMW,5 SERIES,540i,e39,Sedan,V8,Automatic,RWD,Gas,DISMANTLED - e39 BW60030 Sedan C BMW E39 540i  Jan 1998 BW60030 V8 M62 Auto
BW60385,101,1998,BMW,5 SERIES,540i,e39,Sedan,V8,Automatic,RWD,Gas,DISMANTLED - e39 BW60385 Sedan C BMW E39 540i 5 Series  BW60385 Jan 1998 M62 V8 AUTO
BY15305,102,1998,BMW,5 SERIES,528i,e39,Sedan,6 cyl,Manual,RWD,Gas,DISMANTLED - e39 BY15305 Sedan V BMW e39 528I BUILT OCT 1998 BMW 4dr Sdn 6 CYL M52 Manual 5 Spd BY15305
BZ96292,103,2000,BMW,5 SERIES,M5,e39,Sedan,6 cyl,Manual,RWD,Gas,1) Serious offers Requested: C COLLECTIBLE BZ96292 APRIL 2000 E39 M5 SEDAN S62 6SPD MANUAL Euro All Parts
BZ97736,104,2000,BMW,5 SERIES,M5,e39,Sedan,6 cyl,Manual,RWD,Gas,1) Serious offers Requested: C COLLECTIBLE BZ97736 BMW OCT 2000 E39 M5 S62 6 SPEED MANUAL Euro All Parts
C388902,105,2009,BMW,5 SERIES,528xi,e60,Sedan,6 cyl,Automatic,AWD,Gas,DISMANTLED - e60 C388902 Sedan C BMW E60  528xi NOV 2009 N52 AUTO Alpinweiss Leder dakota creambeige
C432602,106,2010,BMW,7 SERIES,750LiX,F02,Sedan,V8,Automatic,AWD,Gas,DISMANTLED - F02 C432602 Sedan C BMW C432602 F02  750LiX Built May 2010 N63 Automatic
C444548,107,2009,BMW,5 SERIES,528xi,e60,Sedan,6 cyl,Automatic,AWD,Gas,DISMANTLED - e60 C444548 Sedan C 2009-2010 BMW E60 528xi AWD  N52 3.0L 172kW AUTOMATIC Monacoblau ON CREAM LEATHER
C444548,107,2009,BMW,5 SERIES,528xi,e60,Sedan,6 cyl,Manual,AWD,Gas,DISMANTLED - E60 C444548 Sedan C C444548 BMW E60 528xi NOV 2009 n52 6 CYL AUTO Monaco-blau Metallic
C444795,109,2005,BMW,5 SERIES,528xi,e60,Sedan,6 cyl,Automatic,AWD,Gas,DISMANTLED - E60 C444795 Sedan C444795 CH E60 LCI 2005-2010 528xi  NOV 2009 N52 FIRE DAMAGE
C739404,110,2010,BMW,5 SERIES,528i,F10,Sedan,6 cyl,Automatic,RWD,Gas,CH PART OUT BMW C739404 5 SERIES F10 528i BUILT AUGUST 2010 N52 ENGINE 481 KALAHARIBEIGE SILVER ON TAN INTERIOR HIT FRONT-FIRE
CE92075,111,2001,BMW,5 SERIES,530i,e39,Sedan,6 cyl,Manual,RWD,Gas,DISMANTLED - E39 CE92075 Sedan FR S BMW e39 530i manual Sept 2001
CF12432,112,2001,BMW,5 SERIES,530i,e39,Sedan,6 cyl,Automatic,RWD,Gas,C PART OUT CF12432 BMW E39 530i BUILT 2001 M54 6 CYL AUTOMATIC SEDAN titan-silber ON BLACK LEATHER LUXURY PACKAGE
CH98260,113,2002,BMW,5 SERIES,530i,e39,Sedan,6 cyl,Automatic,RWD,Gas,PART OUT - CH CH98260 BMW E39 530i SEDAN MAY 2002 AUTO M54 CH98260- B Euro All Parts
CK25110,114,2002,BMW,5 SERIES,530i,e39,Sedan,6 cyl,Automatic,RWD,Gas,DISMANTLED - E39 CK25110 Sedan C BMW e39 530i June 2002 M54 Auto 6 Cyl CK25110
CK31894,115,2002,BMW,5 SERIES,530i,e39,Sedan,6 cyl,Manual,RWD,Gas,DISMANTLED - E39 CK31894 Sedan CH CK31894 BMW E39 530i NOV 2002 m54 auto Black-sapphire Metallic
CK87690,116,2005,BMW,5 SERIES,525i,e60,Sedan,6 cyl,Automatic,RWD,Gas,DISMANTLED - E60 CK87690 Sedan CK87690 CH BMW E60 2001-2009 525i  BUILT NOV 2005 N52 6 CYL
CL423885,117,2011,BMW,X SERIES,X5,e70,SUV,V8 5.0L,Automatic,AWD,Gas,DISMANTLED - e70 SOLD C 2011-2012 BMW E70 X5 xDrive50i SPORT SUV AWD N63 V8 alpinweiss 3 ON BLACK LEATHER
PV64788,118,2006,BMW,3 SERIES,325i,e90,Coupe,6 cyl,Automatic,RWD,Gas,DISMANTLED - E90 S BMW E90 325I 2006 FRONT CLIP
CW56080,119,2008,BMW,5 SERIES,535xi,e60,Sedan,6 cyl,Automatic,AWD,Gas,DISMANTLED - E60 CW56080 Sedan CH BMW E60 535xi JAN 2008 N54 AWD AUTOMATIC Monaco blue metallic
CX06257,120,2006,BMW,5 SERIES,M5,e60,Sedan,V10,SMG,RWD,Gas,1) Serious offers Requested: C COLLECTIBLE JUNE 2006 E60 M5 SEDAN S85 6SPD SMG MANUAL Euro All Parts
CZ63871,121,2007,BMW,5 SERIES,535xi,e60,Sedan,6 cyl,Automatic,AWD,Gas,DISMANTLED - CH DISMANTLED BMW CZ63871 E60 BUILT SEPT 26 2007 535xi n54 platin-grey metallic ON BLACK LEATHER
CZ67248,122,2008,BMW,5 SERIES,535ix,e60,Sedan,6 cyl,Automatic,AWD,Gas,"DISMANTLED DH BMW E60 (MUE) NV93 CZ67248 535ix LCI BUILT JAN 10 2008 PARTS FIT:2005-2010 N54 6 CYL AUTOMATIC 4 DOOR SEDAN Monacoblau (A35) Leder ""dakota""/schwarz Euro All Parts"
D064822,123,2008,AUDI,,Q7,PL71,Sedan,6 cyl,Automatic,AWD,Gas,DISMANTLED - Q7 D064822 SUV CH AUDI SUV Q7 2008 3.6L CALLA WHITE ON BLACK D064822
D098146,124,2012,AUDI,6 SERIES,650iX,F06,Coupe,V8,Automatic,AWD,Gas,DISMANTLED - F06 D098146 Coupe C D098146 BMW F06 GRAND  650iX BUILT OCT 2012 N63 AUTOMATIC XDRIVE Imola-rot 2
D107273,125,2012,BMW,5 SERIES,528iX,F10,Sedan,4 cyl,Automatic,AWD,Gas,C PART OUT BMW 528iX BUILT NOV 2012 N20 ENGINE AWD  TURBO SAPHIRE BLACK ON BLACK POWER LEATHER
DB65579,126,1990,BMW,7 SERIES,735i,e32,Sedan,6 cyl,Automatic,RWD,Gas,DISMANTLED - E32 DB65579 Sedan V DB65579 BMW E32 735i  M30 AUTO BUILT MAY 1990
DB70447,127,1991,BMW,7 SERIES,735i,e32,Sedan,6 cyl,Automatic,RWD,Gas,Part Out  V BMW E32 735i Nov 1991 6 Cyl M30 Auto (1985-1994) DB70447 Euro All Parts DB70447- B
DB70900,128,1992,BMW,7 SERIES,735i,e32,Sedan,6 cyl,Automatic,RWD,Gas,DISMANTLED - E32 DB70900 Sedan S BMW e32 735i 7 Series Feb 1992 M30 AUTO Silver Black DB70900
DC26156,129,1990,BMW,7 SERIES,735iL,e32,Sedan,6 cyl,Automatic,RWD,Gas,DISMANTLED - E32 DC26156 Sedan V DC26156 BMW 735iL M30 AUTO BUILT MAY 1990 Gletscher-blau 280
DC29679,130,1991,BMW,7 SERIES,735iL,e32,Sedan,6 cyl,Automatic,RWD,Gas,DISMANTLED - E32 DC29679 Sedan V BMW e32 735il BUILT JULY 1991 FITS (1985 - 1984) M30 6 cyl VIN DC29679
DC29718,131,1991,BMW,7 SERIES,735iL,e32,Sedan,6 cyl,Automatic,RWD,Gas,DISMANTLED - E32 DC29718 Sedan S BMW e32 735iL July 1991 7 Series Black on Black luxury Power M30 DC29718
DC30730,132,1991,BMW,7 SERIES,735iL,e32,Sedan,6 cyl,Automatic,RWD,Gas,DISMANTLED - E32 DC30730 Sedan C BMW E32 735iL 7 Series Dec 91 M30 Auto VIN DC30730
DH09060,133,1995,BMW,7 SERIES,740i,e38,Sedan,V8,Automatic,RWD,Gas,DISMANTLED - E38 DH09060 Sedan V DH09060 E38 740i  M60 AUTO BUILT NOV 1995 Schwarz 2
DM02466,134,1996,BMW,7 SERIES,740iL,e38,Sedan,V8,Automatic,RWD,Gas,DISMANTLED - E38 DM02466 Sedan C BMW e38 1993-2001 740iL Built Nov 1996 M62 v8 Auto ALPINWEISS on Tan DM02466
DM02466,134,1996,BMW,7 SERIES,740iL,e38,Sedan,V8,Automatic,RWD,Gas,DISMANTLED - Hit Front C BMW e38 1993-2001 740iL Built Nov 1996 M62 v8 Auto ALPINWEISS on Tan DM02466
DM03347,136,1996,BMW,7 SERIES,740iL,e38,Sedan,V8,Automatic,RWD,Gas,PART OUT BMW e38 740iL Built Nov 1996 M62 V8 Engine Automati Black on Tan DM03347 Euro All Parts DM03347- B
DM08902,137,1997,BMW,7 SERIES,740iL,e38,Sedan,V8,Automatic,RWD,Gas,DISMANTLED - E38 DM08902 Sedan C BMW E38 1993-2001 740iL EXTENDED JUNE 1997 m62 V8 DM08902 BMW-Luvv
DM08982,138,1997,BMW,7 SERIES,740iL,e38,Sedan,V8,Automatic,RWD,Gas,DISMANTLED - E38 DM08982 Sedan C BMW e38 740iL Built May 1997 V8 M62 Automatic Blue on Gray Luxury Loaded DM08982
DM10170,139,1997,BMW,7 SERIES,740i,e38,Sedan,V8,Automatic,RWD,Gas,DISMANTLED - E38 DM10170 Sedan S BMW e38 740iL Built June 1997 V8 M62 Engine Auto Silver on Taupe DM10170
DN73048,140,1998,BMW,7 SERIES,740i,e38,Sedan,V8,Automatic,RWD,Gas,PART OUT DN73048 BMW E38 740i Sedan M62 V8 Auto transmission Built Sept 1998 DN73048 Euro All Parts DN73048- F
DN74511,141,1998,BMW,7 SERIES,740i,e38,Sedan,V8,Automatic,RWD,Gas,DISMANTLED - BMW e38 740i Nov 1998 M62 V8 Auto DN74511 Euro All Parts DN74511- B
DN74511,141,1998,BMW,7 SERIES,740i,e38,Coupe,V8,Automatic,RWD,Gas,PART OUT BMW e38 740i Nov 1998 M62 V8 Auto DN74511 Euro All Parts DN74511- C
DN81150,143,2000,BMW,7 SERIES,740i,e38,Sedan,V8,Automatic,RWD,Gas,DISMANTLED - E38 DN81150 Sedan D BMW E38 740i (93-01) SPORT MARCH 2000 M62 V8 AUTO TITANSILBER METALIC DN81150
DN86333,144,2001,BMW,7 SERIES,740i,e38,Sedan,V8,Automatic,RWD,Gas,1) Serious offers Requested: BMW E38 740i JAN 2001 M62 V8 Schwarz 2 (668) DN86333 Euro All Parts
DP01234,145,1998,BMW,7 SERIES,740iL,e38,Sedan,V8,Automatic,RWD,Gas,DISMANTLED - E38 DP01234 Sedan S BMW e38 740iL BUILT Sept 1998 V8 M62 Auto Blue on gray DP01234
DP09052,146,Unknown,BMW,7 SERIES,740iL,e38,Coupe,V8,Automatic,RWD,Gas,DISMANTLED - E38 DP09052 ENGINE M62 Sedan m62 v8 engine for sale
DP15364,147,1999,BMW,7 SERIES,740iL,e38,Sedan,V8,Automatic,RWD,Gas,DISMANTLED - E38 DP15364 Sedan C BMW E38 740iL  Dec 1999 M62 V8 AUTO DP15364
DP15384,148,1999,BMW,7 SERIES,740iL,e38,Sedan,V8,Automatic,RWD,Gas,DISMANTLED - E38 DP15384 Sedan C BMW E38 740iL 7 Series Dec 1999 M62 V8 Auto DP15384
DP16073,149,2001,BMW,7 SERIES,740iL,e38,Sedan,V8,Automatic,RWD,Gas,DISMANTLED - E38 DP16073 Sedan C BMW E38 740iL 7 Series DP16073  Jan 01 M62 Auto
DP16822,150,2000,BMW,7 SERIES,740iL,e38,Sedan,8 cyl,Automatic,RWD,Gas,DISMANTLED - E38 DP16822 Sedan C BMW E38 740iL Jan 2000 M62 8 cyl 4.0 DP16822 7 Series
DP19031,151,2000,BMW,7 SERIES,740iL,e38,Sedan,V8,Automatic,RWD,Gas,Part Out BMW e38 740iL March 2000 M62 V8 Auto DP19031 Euro All Parts DP19031- B
DP20003,152,2001,BMW,7 SERIES,740iL,e38,Coupe,V8,Automatic,RWD,Gas,DISMANTLED - BMW e38 740iL 2001 M62 V8 Auto built 2001 Gray on black DP20003 Euro All Parts DP20003- B
DP22595,153,2000,BMW,7 SERIES,740iL,e38,Sedan,V8,Automatic,RWD,Gas,DISMANTLED - E38 DP22595 V DP22595 BMW E38  M62 AUTO BUILT JUNE 2000 Orient-blau
DP23966,154,2000,BMW,7 SERIES,740iL,e38,Sedan,V8 4.4L,Automatic,RWD,Gas,DISMANTLED - E38 DP23966 Sedan V DP23966 BMW E38 740iL M62TU 4.4L V8 AUTO BUILT SEPT 2000 Titan-silber
DP51612,155,2002,BMW,7 SERIES,745iL,e65,Sedan ,V8,Automatic,RWD,Gas,DISMANTLED - E65 DP51612 Sedan C BMW e65 745iL Nov 2002 N62 V8 Auto 7 Series Blue on Tan Hit ftront DP51612
DP56384,156,2002,BMW,7 SERIES,745i,e65,Sedan,V8,Automatic,RWD,Gas,DISMANTLED - E65 DP56384 Sedan C BMW e65 745i March 2002 V8 N62 Auto DP56384
DR10732,157,2001,BMW,7 SERIES,745i,e65,Sedan ,V8,Automatic,RWD,Gas,DISMANTLED - E65 DR10732 Sedan C BMW e65 745i Dec 2001 N62 V8 Auto 7 Series Blue on Black DR10732
DS46598,158,2003,BMW,7 SERIES,760Li,e66,Sedan,V8,Automatic,RWD,Gas,DISMANTLED - E66 DS46598 Sedan C BMW E66 760Li 2000-2008 SEPT 2003 N62 V12 DS46598 BMW-Luvv
DU61810,159,2012,BMW,5 SERIES,535ix,F10,Sedan,6 cyl,Automatic,AWD,Gas,"C DISMANTLED 2012-2013 DU61810 BMW F10 535ix SEDAN HIT RIGHT SIDE N55 SCROLL TWIN TURBO Leather ""Dakota""/schwarz ON black-sapphire metallic"
E39 M5 doors,160,,BMW,5 SERIES,M5,e39,Sedan,,Automatic,RWD,Gas,DISMANTLED - E39 Sedan OR Wagon E39 M5 doors - 4 AVAILABLE - FITS OR
EC28573,161,1991,BMW,3 SERIES,325i,e30,Convertible,6 cyl,Automatic,RWD,Gas,DISMANTLED - E30 EC28573 Convertible C BMW E30 325i Nov 1991 Convertible Auto M20 EC28573
EC29224,162,1992,BMW,3 SERIES,325iC,e30,Convertible,6 cyl,Automatic,RWD,Gas,DISMANTLED - E30 EC29224 Convertible V EC29224 BMW E30 CONVERTIBLE M20B25 AUTO BUILT MARCH 1992 Schwarz 2
EC49903,163,1989,BMW,3 SERIES,325i,e30,Coupe,6 cyl,Automatic,RWD,Gas,DISMANTLED - E30 EC49903 Coupe V BMW E30 325I  M20 6 Cyl April 1989 Auto EC49903
EC50407,164,1989,BMW,3 SERIES,325I,e30,Coupe,6 cyl,Automatic,RWD,Gas,DISMANTLED - E30 EC50407 Coupe V BMW E30 325I  BUILT NOV 1989 M20 6 CYL AUTO BLUE ON BLUE STOCK EC50407
EC64452,165,1989,BMW,3 SERIES,325i,e30,Coupe,6 cyl,Manual,RWD,Gas,DISMANTLED - E30 EC64452 Coupe C BMW e30 Built March 1989 325i  M20 6 Cyl 5 spd manual EC64452 Project Car - Black
EC65291,166,1989,BMW,3 SERIES,325is,e30,Coupe ,6 cyl,Manual,RWD,Gas,DISMANTLED - E30 EC65291 Coupe V BMW 325is 2dr  Built June 1989 M20 6cyl 5spd manual EC65291
ED25047,167,1989,BMW,3 SERIES,325i,e30,Sedan,6 cyl,Automatic,RWD,Gas,DISMANTLED - E30 ED25047 Sedan DISMANTLED V ED25047 BMW E30  M20 BUILT AUG 1989 Bronzit-beige
EE07191,168,1997,BMW,3 SERIES,M3,e36,Sedan,6 cyl,Manual,RWD,Gas,1) Serious offers Requested: C COLLECTIBLE EE07191 BMW SEPT 1997 E36 M3 SEDAN S52 5 SPD MANUAL Euro All Parts
EE07862,169,1997,BMW,3 SERIES,M3,e36,Sedan,6 cyl,Manual,RWD,Gas,DISMANTLED - E36 EE07862 Sedan C BMW E36 M3  Oct 1997 S52 M Power 5 Speed EE07862
EE56999,170,1997,BMW,3 SERIES,318i,e36,Sedan,4 cyl,Manual,RWD,Gas,PART OUT C BMW E36 3 Series 318i jan 97 M44 5 Spd Sedan EE56999 EURO ALL PARTS
EE73733,171,1991,BMW,3 SERIES,318is,e30,Sedan,4 cyl,Manual,RWD,Gas,DISMANTLED - E30 EE73733 Coupe V BMW e30 318is  4 Cyl M42 5 Speed manual Feb 1991 Black EE73733
EF39128,172,"1989,",BMW,3 SERIES,325is,e30,Coupe,6 cyl,Manual,RWD,Gas,DISMANTLED - E30 EF39128 Coupe c bmw e36 325is 1989-2000 M50 6 cyl SEPT 1992 EF39128 EURO ALL PARTS
EF40859,173,1993,BMW,3 SERIES,325is,e36,Coupe,6 cyl,Manual,RWD,Gas,1) Serious offers Requested:C EF40859 COLLECTIBLE BMW JAN. 1993 E36 325is M50 6 CYL 5 SPD MANUAL Euro All Parts
EJ02191,174,1990,BMW,3 SERIES,318i,e30,Coupe,4 cyl,Manual,RWD,Gas,DISMANTLED - E30 EJ02191 Sedan C BMW E30 318i Aug 1990 4 dr  M42 5spd EJ02191
EJ12741,175,1992,BMW,3 SERIES,318iC,e30,Convertible,4 cyl,Manual,RWD,Gas,SOLD - E30 EJ12741 Convertible D BMW e30 318i Convertible 5 Speed Manual Built 1992 with Hard Top Soft top stand and cover RED
EJ13409,176,1992,BMW,3 SERIES,318iC,e30,Convertible,4 cyl,Manual,RWD,Gas,DISMANTLED - E30 EJ13409 Convertible V BMW e30 - B Euro All V BMW e30 - B V BMW e30 318iC 1992 BMW 2dr Convertible EJ13409
EK05835,177,1992,BMW,3 SERIES,325is,e36,Coupe,6 cyl,Automatic,RWD,Gas,DISMANTLED - E36 EK05835 Coupe V EK05835 BMW E36 325is  M50 AUTO BUILT NOV 1992 Diamant-schwarz
EO63298,178,2008,BMW,3 SERIES,325xi,e92,Coupe,6 cyl,Manual,AWD,Gas,DISMANTLED - E92 EO63298 Coupe C BMW e92 325xi  Built July 2008 6 Cyl N54 Blue on Black Luxury Sport EO63298
ET01910,179,1996,BMW,3 SERIES,328i,e36,Coupe,6 cyl,Manual,RWD,Gas,Part Out C BMW E36 3 Series Coupe 328i march 96 ET01910 6 CYL M52 5 Spd Euro All Parts ET01910- B
ET01910,179,1996,BMW,3 SERIES,328i,e36,Coupe,6 cyl,Manual,RWD,Gas,Part Out C BMW E36 3 Series Coupe 328i march 96 ET01910 M52 5 Spd EURO ALL PARTS
ET01910,181,1996,BMW,3 SERIES,328i,e36,Coupe,6 cyl,Manual,RWD,Gas,DISMANTLED BMW E36 3 Series Coupe 328i march 96 ET01910 6 CYL M52 5 Spd Euro All Parts
ET30905,182,1995,BMW,3 SERIES,328i,e36,Coupe,6 cyl,Automatic,RWD,Gas,DISMANTLED - E36 ET30905 Coupe V BMW e36 328i  Dec 1995 M52 Auto Red Stock Sport ET30905
ET34413,183,1996,BMW,3 SERIES,318is,e36,Coupe,6 cyl,Automatic,RWD,Gas,DISMANTLED - E36 ET34413 Coupe C BMW E36 328is  M52 Automatic Dec 1996
ET67988,184,1999,BMW,3 SERIES,318is,e36,Convertible,6 cyl,Manual,RWD,Gas,1) Serious offers Requested: C COLLECTIBLE ET67988 APRIL 1999 E36 328i CONVERTIBLE M52 5SPD MANUAL Euro All Parts
EY22079,185,1997,BMW,3 SERIES,318is,e36,Coupe,4 cyl,Manual,RWD,Gas,DISMANTLED - E36 EY22079 Coupe D BMW E36  318is 4 CYL M44 5 SPEED MANUAL BUILT NOV 1997 VIN EY22079
EY31751,186,1997,BMW,3 SERIES,320i,e36,Coupe ,4 cyl,Automatic,RWD,Gas,DISMANTLED - E36 EY31751 Coupe D BMW e36 318is  Built March 1997 M44 4 Cyl Auto 1989-2000 Red on Tan EY7317A
EE73733,187,1991,BMW,3 SERIES,320i,e36,Coupe,4 cyl,Manual,RWD,Gas,DISMANTLED - E36 EY32000 Coupe D BMW e36 318is 4 Cyl M44 1.9L 2 dr  Black on Gray EY32000 for sale
F146093,188,2012,Mercedes-Benz,E-Class,E350,A207,Convertible,V6,Automatic,RWD,Gas,DISMANTLED - CH F146093 MERCEDES-BENZ A207 2012 E350 CONVERTIBLE  722.906 INDIGOLITE BLUE METALLIC ON GRAY LEATHER - FIRE
F450582,189,2004,MERCEDES-BENZ,C-Class,C 240,W203,Wagon,V6,Manual,AWD,Gas,DISMANTLED - W203 F450582 Wagon Mercedes-Benz C-class C 240 4MATIC  W203 2004 F450582 SILVER METALLIC
F538291,190,2012,BMW,3 SERIES,328iX,F30,Sedan,4 cyl,Automatic,AWD,Gas,PART OUT CH BMW F538291 2012-2013 F30 328iX N20 AUTO BLACK SAPPHIRE METALLIC on BLACK
FA20711,191,1993,BMW,3 SERIES,320i,e36,Sedan ,6 cyl,Manual,RWD,Gas,DISMANTLED - E36 FA20711 Sedan V BMW e36 320i M50 6 cyl Auto  Built Dec 1993 FA20711 Dunkelgrun II Black
FA20732,192,1994,BMW,3 SERIES,320i,e36,Sedan,6 cyl,Automatic,RWD,Gas,DISMANTLED - E36 FA20732 Sedan S BMW e36 320i  M50 6 cyl Jan 1994 Black on Black Auto FA20732
FA20894,193,1984,BMW,3 SERIES,320i,e36,Sedan,6 cyl,Automatic,RWD,Gas,DISMANTLED - E36 FA20894 Sedan V FA20894 BMW E36 320i  M50 AUTO BUILT JUNE 1984 Schwarz 2
FA20946,194,1994,BMW,3 SERIES,325i,e36,Sedan,6 cyl,Automatic,RWD,Gas,DISMANTLED - E36 FA20946 Sedan S BMW e36 320i 4 dr  BUILT Sept 94 6 CYL M50 engine Auto White Stock FA20946
FD00733,195,1994,BMW,3 SERIES,325i,e36,Sedan,6 cyl,Manual,RWD,Gas,DISMANTLED - BMW e36 320i Sedan built Nov 1994 6 Cyl M50 NV 5spd FD00733 1989 to 2000 Euro All Parts FD00733- B
FE23616,196,1995,BMW,3 SERIES,318i,e36,Sedan,6 cyl,Manual,RWD,Gas,DISMANTLED - E36 FE23616 Sedan D BMW e36 325i Standard Built June 1995 FE23616 6 cyl M50 single VANOS 5 Spd manual
FF88657,197,1992,BMW,3 SERIES,318i,e36,Sedan,6 cyl,Automatic,RWD,Gas,DISMANTLED - E36 FF88657 Sedan C BMW e36 325i Automatic  M50 6 cyl Jan 1992 White FF88657
FG01196,198,1992,BMW,3 SERIES,318i,e36,Sedan,4 cyl,Automatic,RWD,Gas,DISMANTLED - BMW E36 318i BUILT APRIL 1992 GREEN FG01196
FG01961,199,1992,BMW,3 SERIES,318i,e36,Sedan,4 cyl,Manual,RWD,Gas,DISMANTLED - E36 FG01961 Sedan D BMW 318I  4 CYL M42 5 SPEED BUILT JUNE 1992 VIN FG01961
FG07398,200,1993,BMW,3 SERIES,318i,e36,Sedan,4 cyl,Manual,RWD,Gas,DISMANTLED - E36 FG07398 Sedan V BMW E36 318I  M42 5 SPD MARCH 1993 FG07398
FK59195,201,1993,BMW,3 SERIES,318i,e36,Sedan,4 cyl,Automatic,RWD,Gas,DISMANTLED - E36 FK59195 Sedan V BMW e36 318i June 1993  M42 Auto FK59195
FK64375,202,1994,BMW,3 SERIES,318i,e36,Sedan,4 cyl,Automatic,RWD,Gas,SOLD E36 FK64375 Sedan SOLD- M FOR SALE BMW E36 318i  M42 4 CYL AUTOMATIC
FK69980,203,1994,BMW,3 SERIES,318ti,e36,Hatchback,4 cyl,Automatic,RWD,Gas,DISMANTLED V BMW e36 318ti Built Dec 1994 4 Cyl M42 Automatic FK69980 FK69980- B
FL02643,204,1992,BMW,3 SERIES,325i,e36,Sedan,6 cyl,Automatic,RWD,Gas,DISMANTLED - E36 FL02643 Sedan C BMW e36 325i  Metalic Green Nov 1992 M50 Auto FL02643
FL16086,205,1993,BMW,3 SERIES,325I,e38,Sedan,6 cyl,Automatic,RWD,Gas,DISMANTLED - E36 FL16086 Sedan S BMW E36 325I  Built Nov 1993 M50 6 cyl engine Auto Black on Black FL16086
FM01222,206,1995,BMW,3 SERIES,325i,e36,Sedan,6 cyl,Automatic,RWD,Gas,DISMANTLED - E36 FM01222 Sedan D BMW e36 325i  1995 6 Cyl Auto M50 SINGLE VANOS FM01222
FP52370,207,1998,BMW,3 SERIES,323i,e46,Sedan,6 cyl,Manual,RWD,Gas,DISMANTLED - E46 P52370 Sedan S BMW e46 323i  Built Nov 1998 M52 6 cyl 5 speed manual FP52370
FP57494,208,1998,BMW,3 SERIES,323i,e46,Sedan,6 cyl,Automatic,RWD,Gas,DISMANTLED - E46 FP57494 Sedan C BMW e46 323i  Built Nov 1998 M52 6 Cyl FP57494
FP60457,209,1999,BMW,3 SERIES,323i,e46,Sedan,6 cyl,Automatic,RWD,Gas,DISMANTLED - E46 FP60457 Sedan S BMW e46 323i  built Feb 1999 M52 6 cyl Automatic FP60457
FP66628,210,1999,BMW,3 SERIES,323i,e46,Coupe,6 cyl,Automatic,RWD,Gas,DISMANTLED - E46 FP66628 Sedan V FP66628 E46 323i  M52TU BUILT JULY 1999 Titanium silver
FP68120,211,1999,BMW,3 SERIES,323i,e46,Sedan,6 cyl,Automatic,RWD,Gas,DISMANTLED - E46 FP68120 Sedan V FP68120 BMW E46 323i M52TU AUTO BUILT AUG 1999 Stahl-blau
FP76029,212,1999,BMW,3 SERIES,323i,e46,Sedan,6 cyl,Automatic,RWD,Gas,DISMANTLED - E46 FP76029 Sedan FP76029 CH BMW E46 323i  DEC 1999 BLACK ON BLACK M52 AUTOMATIC
FR00461,213,1998,BMW,3 SERIES,328i,e46,Sedan,6 cyl,Automatic,RWD,Gas,DISMANTLED - E46 FR00461 Sedan V FR00461 BMW E46 328i  M52TU AUTO BUILT JUNE 1998 Stahl-blau
fr06345,214,1998,BMW,3 SERIES,328i,e46,Sedan,6 cyl,Automatic,RWD,Gas,DISMANTLED - E46 fr06345 Sedan V BMW e46 328i  Built Dec 1998 M52 6 cyl fr06345 Auto Hit both front doors
FT02101,215,2001,BMW,3 SERIES,330i,e46,Sedan,6 cyl,Automatic,RWD,Gas,DISMANTLED - E46 FT02101 Sedan V FT02101 BMW E46 330i  M54 AUTO BUILT APRIL 2001 Titan-silber
FT35374,216,2001,BMW,3 SERIES,320i,e46,Sedan,6 cyl,Automatic,RWD,Gas,SOLD FT35374 Sedan BMW E46 320i  JULY 2001 M54 5SPEED MANUAL
FV04368,217,2001,BMW,3 SERIES,325i,e46,Sedan,6 cyl,Manual,RWD,Gas,DISMANTLED - E46 FV04368 Sedan SALE OR BMW e46 325i  MAY 2001 M54 5SPD manual TITANSILBER FV04368
G018227,218,1993,Mercedes-Benz,C-Class,190E,W201,Sedan,6 cyl,Automatic,RWD,Gas,DISMANTLED - W201 G018227 V G018227 Mercedes-Benz C-class 190E W201 1993
G090140,219,1999,BMW,5 SERIES,540iAT,e39,Wagon,V8,Automatic,RWD,Gas,DISMANTLED - V BMW e39 540IAT 1999 BMW 4dr Wgn Auto G090140 G090140- B
GC96354,220,2000,BMW,5 SERIES,540i,e39,Sedan,V8,Manual,RWD,Gas,DISMANTLED - E39 GC96354 Sedan GC96354 CH BMW e39 540i M62TU V8 Manual SEPT 2000  Cosmos-schwarz
GD20015,221,1992,BMW,5 SERIES,525i,e34,Wagon,6 cyl,Automatic,RWD,Gas,DISMANTLED - E34 GD20015 Wagon S BMW e34 525i April 1992 Auto M50 6cyl   GD20015
GD50441,222,2002,BMW,5 SERIES,525i,e39,Wagon,6 cyl,Manual,RWD,Gas,DISMANTLED - BMW E39 525i 5 Serie Wagon Sept 2002 M54 6 CYL 5spd MANUAL GD50441 Euro All Parts GD50441- B
GD85297,223,2001,BMW,5 SERIES,525i,e39,Wagon,6 cyl,Automatic,RWD,Gas,DISMANTLED - E39 GD85297 Wagon C BMW e39 525i   Built Jan 2001 M54 6 Cyl Automatic GD85297
GE53649,224,1993,BMW,5 SERIES,530i,e34,Sedan,V8,Manual,RWD,Gas,DISMANTLED - E34 GE53649 Sedan S BMW e34 530i Aug 1993 M60 5 Spd manual black on black GE53649
GE54106,225,1994,BMW,5 SERIES,530i,e34,Sedan,V8,Manual,RWD,Gas,0) BMW e34 530i Jan 1994 M60 V8 manual 5 SPD gray on gray GE54106 Euro All Parts GE54106- B
GE94264,226,1995,BMW,5 SERIES,530i,e34,Sedan,V8,Automatic,RWD,Gas,DISMANTLED - E34 GE94264 Sedan V BMW e34 530i  Built 09 1995 M60 V8 Auto GE94264 Silver
GF28241,227,1993,BMW,5 SERIES,540i,e34,Sedan,V8,Automatic,RWD,Gas,DISMANTLED - E34 GF28241 Sedan C BMW E34 540i  5 series M60 V8 AUTO GF28241 Sept 1993 170K
GF28329,228,1993,BMW,5 SERIES,540i,e34,Sedan,V8,Automatic,RWD,Gas,DISMANTLED - E34 GF28329 Sedan S BMW E34 540i 5 Series  M60 V8 Nov 93 Auto GF28329
GF81077,229,1994,BMW,5 SERIES,530i,e34,Wagon,V8 3.0L ,Automatic,RWD,Gas,DISMANTLED - E34 GF81077 Wagon V GF81077 BMW E34 530i  V8 M60 3.0L AUTO BUILT JUNE 1994 Oxford-green
GK86985,230,1995,BMW,5 SERIES,525i,e34,Sedan,6 cyl,Automatic,RWD,Gas,DISMANTLED - BMW e34 525i 5 series Nov 1995 Blue-Gray on Black Power Lux wood M50 Auto GK86985 Euro All Parts GK86985- B
GK87027,231,1995,BMW,5 SERIES,525i,e34,Sedan,6 cyl,Automatic,RWD,Gas,DISMANTLED - E34 GK87027 Sedan C BMW E34 525i M50 6 cyl Auto GK87027  525i Nov 1995 5 Series
GK87649,232,1995,BMW,5 SERIES,525i,e34,Sedan,6 cyl,Automatic,RWD,Gas,DISMANTLED - E34 GK87649 Sedan C BMW e34 525i M50 Auto Single VANOS Nov 95 Hit Front Black on Tan Lux GK87649
GM63030,233,1992,BMW,5 SERIES,540i,e39,Sedan,V8,Automatic,RWD,Gas,DISMANTLED - E39 GM63030 Sedan C BMW E39 540i 5 Series GM63030 Feb 92 M62 Auto
GM64071,234,1999,BMW,5 SERIES,540i,e39,Sedan,V8,Automatic,RWD,Gas,DISMANTLED - E39 GM64071 Sedan GM64071 DH BMW E39 540i M62TU V8 1999
GM64793,235,1993,BMW,5 SERIES,540i,e39,Sedan,V8,Automatic,RWD,Gas,DISMANTLED - E38 GM64793 Sedan UNCONTROLLED BMW E39 540I m62 AUTO BUILT MARCH 1993
GM72411,236,2001,BMW,5 SERIES,540i,e39,Sedan,V8,Automatic,RWD,Gas,DISMANTLED-  BMW e39 540i M Package Sedan April 2001 V8 M62 AUTO Black on Black GM72411 HIT Euro All Parts GM72411- B
GM72411,236,2001,BMW,5 SERIES,540i,e39,Sedan,V8,Automatic,RWD,Gas,DISMANTLED - E39 GM72411 Sedan FR C BMW e39 540i M Package  April 2001 Black on Black GM72411
GM72411,236,2001,BMW,5 SERIES,540i,e39,Sedan,V8,Automatic,RWD,Gas,DISMANTLED e39 540i M Package Sedan April 2001 V8 M62 AUTO Black on Black GM72411 HIT Euro All Parts GM72411- B
GN86554,239,2002,BMW,5 SERIES,540i,e39,Sedan,V8,Automatic,RWD,Gas,DISMANTLED - E39 GN86554 Sedan B BMW E39  V8 M62TU 4.4L AUTO BUILT MARCH 2002 Black-sapphire Metallic
GT90161,240,1998,BMW,5 SERIES,528i,e39,Sedan,6 cyl,Automatic,RWD,Gas,DISMANTLED - E39 GT90161 Sedan C BMW E39 5 Series 528i  Built June 1998 M52 6 CYL Automatic GT90161
GT93166,241,1998,BMW,5 SERIES,528i,e39,Sedan,6 cyl,Automatic,RWD,Gas,DISMANTLED - E39 GT93166 Sedan C BMW 528i  Built June 1998 6 Cyl M52 with Automatic GT93166 Anthrazit
GT93456,242,1999,BMW,5 SERIES,528i,e39,Sedan,6 cyl,Automatic,RWD,Gas,DISMANTLED - E39 GT93456 Sedan Avi  E39 528i Built March 1999 5 Series 4dr M52 Auto
GU00624,243,1999,BMW,5 SERIES,528i,e39,Sedan,6 cyl,Automatic,RWD,Gas,DISMANTLED - E39 GU00624 Sedan V BMW e39 528i  built March 1999 6 CYL M52 Auto GU00624 (1995 to 2003)
GU12719,244,1999,BMW,5 SERIES,528i,e39,Sedan,6 cyl,Automatic,RWD,Gas,DISMANTLED - E39 GU12719 Sedan C BMW e39 528i NOV 1999 M52 6 Cyl Auto GU12719
GX20525,245,2001,BMW,5 SERIES,525i,e39,Sedan,6 cyl,Automatic,RWD,Gas,SOLD e39 GX20525 Sedan C FOR SALE 2001-2002 BMW e39 525i RWD  M54 6 CYL AUTOMATIC BLACK 2 ON BLACK LEATHER GX20525
GY42208,246,2002,BMW,5 SERIES,525i,e39,Sedan,6 cyl,Automatic,RWD,Gas,DISMANTLED - E39 GY42208 Sedan B BMW e39 525i Built Feb 2002 6 Cyl M54 Auto 95 to 2003 Hit Front GY42208
Honda Civic 4 dr LX,247,2001,Honda,,Civic,ES1,Sedan,4 cyl,Automatic,FWD,Gas,DISMANTLED - CIVIC Sedan DH Honda Civic 4 dr LX 4 Cyl 1.7L Built 2001 Aliston
J235044,248,2007,Mercedes-Benz,B CLASS,B-class,T245,SUV,4 cyl,Automatic,AWD,Gas,DISMANTLED - T245 J235044 SUV V J235044 Mercedes-Benz B-class T245 2007 SUV
JA05769,249,1993,BMW,3 SERIES,318is,e36,Wagon,4 cyl,Automatic,RWD,Gas,DISMANTLED - E36 JA05769 Coupe V JA05769 BMW E36 318is M42 5SPD BUILT JAN 1993 Alpin-weiss
JC19961,250,1995,BMW,3 SERIES,318is,e36,Coupe,4 cyl,Automatic,RWD,Gas,DISMANTLED - E36 JC19961 Coupe S BMW e36 318is 3 series 2dr  Sept 1995 4 CYL M42 Auto Black on Black JC19961
JC7873,251,1993,BMW,3 SERIES,325iC,e36,Convertible,6 cyl,Automatic,RWD,Gas,DISMANTLED - E36 JC7873 Convertible B BMW e36 325i Convertible Built June 1993 6 Cyl M50 1989-2000 For Sale JC78731
JC83841,252,1995,BMW,3 SERIES,325iC,e36,Convertible,6 cyl,Manual,RWD,Gas,DISMANTLED - E36 JC83841 Convertible V BMW e36 325iC 1995 BMW 2dr Convertible M52 with 5 speed JC83841
JN86728,253,2000,BMW,3 SERIES,323Ci,e46,Coupe,6 cyl,Automatic,RWD,Gas,DISMANTLED - E46 JN86728 Coupe C BMW e46  2dr 323Ci April 2000 M52 6Cyl Auto JN86728
JN92136,254,1999,BMW,3 SERIES,328Ci,e46,Coupe,6 cyl,Manual,RWD,Gas,DISMANTLED - E46 JN92136 Coupe V JN92136 BMW E46  328Ci M52TU 5 SPD BUILT SEPT 1999 Titan-silber
JP00074,255,1999,BMW,3 SERIES,328Ci,e46,Convertible,6 cyl,Manual,RWD,Gas,DISMANTLED - E46 JP00074 Convertible C BMW E46 328Ci 3 series  5 speed Manual May 1999 6 CYL M52 JP00074
JR16987,256,2002,BMW,3 SERIES,M3,e46,Coupe,6 cyl,Manual,RWD,Gas,DISMANTLED - E46 JR16987 Coupe C BMW e46 M3  Built April 2002 6 Cyl S54 MPOWER with 6 Spd manual Sapphireschwarz on Cinnamon
JR22157,257,2003,BMW,3 SERIES,M3,e46,Coupe,,Automatic,RWD,Gas,C BMW part out JR22157 2003 E46 M3 COUPE - HIT - front and rear SOLD POWER TRAIN
JR22157,257,2003,BMW,3 SERIES,M3,e46,Coupe,6 cyl,Manual,RWD,Gas,PART OUT C BMW JR22157 2003 E46 M3 COUPE - HIT - POWER TRAIN SOLD E46 M3 MANUAL 326S4 11000304349 S54 w/ (6 SPD STICK) S6S 420G - TBAI 23002229721
JU23231,259,2001,BMW,3 SERIES,330Ci,e46,Coupe,6 cyl,Manual,RWD,Gas,DISMANTLED - E46 JU23231 Coupe C BMW E46  330Ci Jan 2001 6 CYL M54 MANUAL VIN JU23231 HIT
JU27366,260,2002,BMW,3 SERIES,330Ci,e46,Coupe,6 cyl,Manual,RWD,Gas,DISMANTLED - C BMW JU27366 E46 SPRITZER COUPE BUILT MARCH 2002 330Ci M54 6 SPD MANUAL COUPE TITANSILBER METALIC ON BLACK LEATHER POWER SPORT
JY96296,261,2003,BMW,3 SERIES,325Ci,e46,Coupe,6 cyl,Manual,RWD,Gas,DISMANTLED - E46 JY96296 Coupe 2003 BUILT APRIL E46 325Ci  MANUAL M54 Silbergrau ON BLACK SPORT LEATHER
JY96296,261,2003,BMW,3 SERIES,325Ci,e46,Coupe,6 cyl,Manual,RWD,Gas,PART OUT BMW JY96296 2003 BUILT APRIL E46 325Ci COUPE MANUAL M54 Silbergrau ON BLACK SPORT LEATHER
JY98482,263,2004,BMW,3 SERIES,325Ci,e46,Sedan,6 cyl,Manual,RWD,Gas,CH PART OUT BMW JY98482 '3 SERIES E46 BUILT JUNE 2004 325Ci 2 DR COUPE M54 5 SPD MANUAL 438 JAPANROT ON BLACK
K040482,264,2008,BMW,3 SERIES,328xi,e90,Coupe,6 cyl,Automatic,AWD,Gas,DISMANTLED - E90 K040482 CH k040482 BMW E90 328xi 4DR  BUILT JAN 2008 N52 6 CYL AUTO AWD Platin-bronze Metallic
k680895,265,2016,BMW,4 SERIES,430iX,F32,Coupe,4 cyl,Automatic,AWD,Gas,DISMANTLED - F32 k680895 Coupe k680895 C BMW F32 4 SERIES 430iX AUG 2016 B46 AUTO PART OUT
K680895,265,2016,BMW,4 SERIES,430xi,F32,Sedan,4 cyl,Automatic,AWD,Gas,PART OUT HIT FRONT C BMW K680895 4 SERIES F32 430xi COUPE BUILT AUG 2016 AUTOMATIC
KC67544,267,1999,BMW,3 SERIES,323i,e46,Sedan,6 cyl,Manual,RWD,Gas,DISMANTLED - E46 KC67544 Sedan C BMW e46 3 Series  4dr 323i Sept 1999 6 CYL M52 5 Speed KC67544
KC97844,268,2009,BMW,3 SERIES,323i,e90,Sedan,6 cyl,Automatic,RWD,Gas,DISMANTLED - E90 KC97844 KC97844 CH BMW E90  MAY 2009 N52K AUTO ALPINWEISS 3 SENSATECSCHWARZ
KG06631,269,1998,BMW,3 SERIES,328i,e46,Sedan,6 cyl,Automatic,RWD,Gas,DISMANTLED KG06631 1998 E46 328i SEDAN M52 SILVER
KL10082,270,2002,BMW,3 SERIES,320i,e46,Sedan,6 cyl,Manual,RWD,Gas,DISMANTLED - E46 KL10082 Sedan C BMW E46 320i 3 SERIES Jan 2002 6 CYL M54 5 Spd MANUAL KL10082
KL10279,271,2002,BMW,3 SERIES,320i,e46,Coupe,6 cyl,Manual,RWD,Gas,CH BMW PART OUT KL10279 JUNE 2002 E46 320i M54 5 SPD MANUAL Titanium Silver Metallic ON BLACK
KL10854,272,2003,BMW,3 SERIES,320i,e46,Sedan,6 cyl,Manual,RWD,Gas,DISMANTLED - E46 KL10854 Sedan C BMW E46 320i 3 Series 4dr. 6 CYL M54 Nov 2003 5 spd MANUAL KL10854
KL21087,273,2002,BMW,3 SERIES,320i,e46,Sedan,6 cyl,Automatic,RWD,Gas,DISMANTLED - E46 KL21087 Sedan BMW KL21087 2002 E46 320i 4DR M54 6 CYL AUTO Stahl-blau ON Black INTERIOR FITS:1997-2018 for parts
KL22448,274,2003,BMW,3 SERIES,320i,e46,Sedan,6 cyl,Automatic,RWD,Gas,DISMANTLED - E46 KL22448 Sedan S BMW e46 320i 3 Series  BUILT Oct 2003 M54 auto Mysticblau Metalic KL22448
KL51320,275,2005,BMW,3 SERIES,330xi,e46,Sedan,6 cyl,Manual,AWD,Gas,DISMANTLED - E46 KL51320 Sedan CH KL51320 BMW E90 330xi 4 DR  BUILT NOV 2005 N52 6 CYL 6 SPEED MANUAL AWD Monaco-blau Metallic
KM05852,276,2003,BMW,3 SERIES,330i,e46,Sedan,6 cyl,Manual,RWD,Gas,DISMANTLED - E46 KM05852 Sedan C BMW E46 1997-2006  330i 6 SPEED MANUAL NOV 2003 M54 KM05852 BMW-Luvv
KM08349,277,2004,BMW,3 SERIES,330i,e46,Sedan,6 cyl,Manual,RWD,Gas,DISMANTLED - E46 KM08349 Sedan C BMW KM08349 E46 1997-2018 330i  2004 M54 6 SPD Japan-rot LEATHER
KM22221,278,2002,BMW,3 SERIES,330i,e46,Sedan,6 cyl,Manual,RWD,Gas,DISMANTLED - E46 KM22221 Sedan C BMW 330i  M54 6 CYL 3.0L 5 SPEED MANUAL JUNE 2002 VIN KM22221
U020303,279,2010,Hyundai,,2.0L,BK1,Coupe,6 cyl,Manual,FWD,Gas,SOLD Genesis KMHHT6KD2AU020303 Coupe Hyundai Genesis  2.0L TURBO 6 SPEED JULY 2020
KR57452,280,2005,BMW,3 SERIES,325i,e90,Sedan,6 cyl,Manual,RWD,Gas,DISMANTLED - E90 KR57452 C BMW e90 325i  June 2005 N52 6 Cyl 5 Spd Manual KR57452
KR58899,281,2005,BMW,3 SERIES,325i,e90,Sedan,6 cyl,Manual,RWD,Gas,DISMANTLED - E90 KR58899 C BMW E90 2004-2008 325I AUG 2005 N52 6 CYL KR58899 BMW-Luvv
KV67029,282,2006,BMW,3 SERIES,330xi,e90,Sedan,6 cyl,Automatic,AWD,Gas,DISMANTLED - E90 KV67029 C KV67029 BMW 2006 E90 3 SERIES  330xi N52 auto sparkling-graphit metallic BLACK LEATHER
L814228,283,2000,Honda,,Civic,EJ8,Coupe,4 cyl,Manual,FWD,Gas,DISMANTLED - CIVIC L814228 Coupe Honda Civic 2dr Cpe SI-G Manual WITH Air Cond AND ABS SI-G L814228
LA02953,284,1995,BMW,3 SERIES,318i,e36,Sedan,4 cyl,Manual,RWD,Gas,DISMANTLED - E36 LA02953 Sedan S BMW e36 318i BUILT Nov 1995 4 CYL M42 5 spd Black on Black LA02953
LA10006,285,1995,BMW,3 SERIES,318i,e36,Sedan,4 cyl,Automatic,RWD,Gas,DISMANTLED - E36 LA10006 Sedan C BMW E36 318i M42 4 dr Jun 95 Automatic White LA10006
LA21099,286,2006,Porsche,E1 9PA 955,Cayenne,955,SUV,V8,Manual,AWD,Gas,DISMANTLED: 2006 Porsche Cayenne 4dr 6-Spd Manual VIN: WP1AA29P16LA21099 LA21099 Titanium Metallic Gray A7A7  Black NQ
LC70040,287,1995,BMW,3 SERIES,318i,e36,Sedan,4 cyl,Automatic,RWD,Gas,DISMANTLED - E36 LC70040 Sedan D BMW e36 318i  M44 4 Cyl Automatic Built Dec 1995 LC70040 White on Black
LC71257,288,1996,BMW,3 SERIES,318i,e36,Sedan,4 cyl,Automatic,RWD,Gas,DISMANTLED - E36 LC71257 Sedan C BMW e36 318i April 1996 M44 4Cyl Automatic 4dr  VIN LC71257 BM
LE82129,289,2004,BMW,X SERIES ,X5,e53,SUV,V8,Automatic,AWD,Gas,DISMANTLED - E53 LE82129 SUV C BMW E53 X5 SUV 1998-2006 4.8is NOV 2004 N62 V8 LE82129 BMW-Luvv
LH06701,290,2000,BMW,X SERIES ,X5,e53,SUV,V8,Automatic,AWD,Gas,DISMANTLED - E53 LH06701 SUV B BMW E53 X5 4.4i Built March 2000 M62 V8 Auto SUV 1998-2006 LH06701 Fire
LH06701,290,2000,BMW,X SERIES,X5,e53,SUV,V8,Automatic,AWD,Gas,DISMANTLED B BMW E53 X5 4.4i Built March 2000 M62 V8 Auto SUV 1998-2006 LH06701 Fire Damaged Euro All Parts
LH09443,292,2000,BMW,X SERIES ,X5,e53,SUV,V8,Automatic,AWD,Gas,DISMANTLED - E53 LH09443 SUV CH BMW X5 E53 2000 SPORT 4.4i OYSTER ON MONTANNA LH09443
LH18412,293,2001,BMW,X SERIES ,X5,e53,SUV,V8,Automatic,AWD,Gas,DISMANTLED - E53 LH18412 SUV  M62B44 E53 X5 ENGINE FOR SALE
LH37444,294,2003,BMW,X SERIES ,X5,e53,SUV,V8,Automatic,AWD,Gas,DISMANTLED - E53  B BMW e53 X5 4.4i M62 V8 Auto 1998-2006 No Engine
LH39466,295,2002,BMW,X SERIES,X5,e53,SUV,V8,Automatic,AWD,Gas,DISMANTLED - E53 LH39466 SUV C BMW e53 X5 4.4i M62 V8 AUTO 4X4 SUV LH39466 Built Sept 2002
LH39518,296,2002,BMW,X SERIES ,X5,e53,SUV,V8,Manual,AWD,Gas,DISMANTLED - E53 LH39518 SUV B BMW e53 X5 4.4i Built Oct 2002 M62 V8 Auto 1998-2006 no engine LH39518
LH50127,297,2003,BMW,X SERIES ,X5,e53,SUV,V8,Automatic,AWD,Gas,DISMANTLED - E53 LH50127 SUV C BMW E53 X5 4.4i 1998-2006 m62 V8 AUG 2003 LH50127 BMW-Luvv
LM86345,298,2001,BMW,X SERIES ,X5,e53,SUV,6 cyl,Automatic,AWD,Gas,DISMANTLED - E53 LM86345 SUV B BMW e53 X5 3.0i 6 cyl M54 Auto Built June 2001 1998-2006 No Engine LM86345
LV77566,299,2002,BMW,X SERIES ,X5,e53,SUV,6 cyl,Automatic,AWD,Gas,DISMANTLED - E53 LV77566 SUV S BMW E53 3.0i X5 built Nov 2002 M54 6 cyl 3L engine SUV Auto LV77566
LV88631,300,1996,BMW,X SERIES ,X5,e53,SUV,6 cyl,Automatic,AWD,Gas,DISMANTLED - E53 LV88631 SUV C BMW E53 X5 1998-2006 3.0i MARCH 2003 LV88631 BMW-Luvv
LV99703,301,2003,BMW,X SERIES ,X5,e53,SUV,6 cyl,Automatic,AWD,Gas,DISMANTLED - e53 LV99703 D BMW E53 X5 3.0 black sapphire-metalic schwarz 
LY12224,302,2005,BMW,X SERIES ,X5,e53,SUV,6 cyl,Automatic,AWD,Gas,PART OUT: C LY1224 BMW E53 X5 3.0i SUV BUILT APRIL 2005 M54 6 CYL AUTOMATIC
MO7541,303,2004,BMW,3 SERIES,330i,e46,Sedan,6 cyl,Manual,RWD,Gas,DISMANTLED - E46 MO7541 Sedan C BMW e46  330i May 2004 M54 6 Cyl 5 Spd Manual Hit Front MO7541
N078902,304,2000,AUDI,,A6,C5,Coupe,V6,Automatic,AWD,Gas,DISMANTLED - A6 N078902 S Audi A6 2000 2.5L Auto Silver on Black 
P036424,305,2007,BMW,3 SERIES,335i,e92,Coupe,6 cyl,Manual,RWD,Gas,DISMANTLED - E92 P036424 Coupe BMW E92 335i MSPORT  N54 AUTO Black-sapphire metallic - Dakota
P131342,306,2007,BMW,3 SERIES,328i,e92,Coupe,6 cyl,Automatic,RWD,Gas,DISMANTLED - E92 P131342 Coupe CH BMW P131342 BUILT O7-17 2007 E92  328i n52 2.8L 6 CYL
PC99297,307,2002,BMW,3 SERIES,325Ci,e46,Coupe ,6 cyl,Manual,RWD,Gas,DISMANTLED - E46 PC99297 Coupe V BMW e46 325Ci  Built Nov 2002 6 Cyl M54 5 Speed Manual PC99297 97-06
pd01082,308,2003,BMW,3 SERIES,325Ci,e46,Sedan,6 cyl,Manual,RWD,Gas,DISMANTLED - E46 pd01082 Sedan pd01082 BUILT SEPT 2003 E46 325i  FACELIFT M54 2.5L 5 SPEED Titansilber Metallic
PG08516,309,2002,BMW,3 SERIES,325i,e46,Coupe,6 cyl,Manual,AWD,Gas,DISMANTLED - E46 PG08516 Sedan B BMW e46 330xi Built Jan 2002 M54 6 Cyl Manual 2000-2006 PG08516
PG10218,310,2003,BMW,3 SERIES,330xi,e46,Sedan,6 cyl,Manual,AWD,Gas,"DISMANTLED - E46 PG10218 Sedan V FOR SALE BMW E46 330xi  Built March 2003 M54 6 cyl 4WD Manual PG10218 $6,000"
PG57782,311,2002,BMW,3 SERIES,325i,e46,Coupe,6 cyl,Automatic,RWD,Gas,DISMANTLED - E46 PG57782 Coupe B BMW 325Ci  Built April 2002 M54 6 Cyl M Package Hit Rear
PK05119,312,2003,BMW,3 SERIES,M3,e46,Convertible,6 cyl,Manual,RWD,Gas,DISMANTLED - E46 PK05119 Convertible C BMW e46 M3 Convertible Nov 2003 S54 M Power SMG Manual PK05119
PL05225,313,2004,BMW,3 SERIES,325Ci,e46,Coupe,6 cyl,Automatic,RWD,Gas,DISMANTLED - E46 PL05225 Coupe PL05225 CH BMW e46 325Ci  M54 AUTO JUNE 2004 Silber-grau metallic
PN37207,314,2004,BMW,3 SERIES,330xi,e46,Sedan,6 cyl,Automatic,AWD,Gas,DISMANTLED - e46 PN37207 Sedan BMW E46 330xi 2004 Automatic Orient Blue Hit rear right
PR15376,315,2008,BMW,3 SERIES,325xi,e46,Sedan,6 cyl,Automatic,AWD,Gas,SOLD e46 PR15376 Sedan DH BMW E46 325xi m54 6 CYL AUTO BUILT AUG 2008 PR15376
PV64788,316,2006,BMW,3 SERIES,328i,e90,Sedan,6 cyl,Automatic,RWD,Gas,DISMANTLED - e90 PV64788 C BMW PV64788 E90 328i BUILT DEC 2006 N52 6 CYL AUTO Monaco blue
TK65780,317,2006,BMW,Mini,Cooper,R50,Coupe,4 cyl,Manual,FWD,Gas,DISMANTLED MINI COOPER 2006 RC33 R50 manual CHILI RED INTERIOR:KUNSTLEDER/PANTHER SCHWARZ
8066196,318,1981,BMW,3 SERIES,320i,e21,Coupe,4 cyl,Manual,RWD,Gas,DISMANTLED - E21 V BMW e21 320i 1975-1983 US body engine M10 K-Jetronic 5spd Parts
1336629,319,1998,AUDI,A4,A4,B5,Sedan,4 cyl,Manual,AWD,Gas,DISMANTLED - a4 WA1336629 S Audi A4 1998 1.8T L4 Quattro 4dr AWD 5 speed Black on Tan WA1336629
N008284,320,2010,AUDI,,A4,B8,Sedan,4 cyl,Automatic,AWD,Gas,DISMANTLED AUDI WAUFFCFL5AN008284 2010 A4 SEDAN QUATTRO 2.0T PREMIUM PLUS
WB26796,321,2004,BMW,X SERIES ,X3,e83,SUV,6 cyl,Automatic,AWD,Gas,DISMANTLED PART OUT BLUE (Mystic-blau Metallic) ON GRAY BMW X3 E83 (2003-2006) 2.5i MODEL YEAR 2004 (BUILT AUSTRIA APRIL 2004) M54 6 CYL AWD AUTOMATIC
A097507,322,2013,MERCEDES-BENZ,C-Class,CLS 550,C218,Sedan,V8,Automatic,AWD,Gas,CH PART OUT: 2013-14 MERCEDES-BENZ CLS 550 4MATIC DIAMOND WHITE METALLIC 799U on BLACK/ANTHRACITE LEATHER INTERIOR
A161758,323,2008,MERCEDES-BENZ,S-Class,S 63,m156,Sedan,V8,Automatic,RWD,Gas,DISMANTLED - m156 WDDNG77X58A161758 CH MERCEDES-BENZ 2008 S-CLASS S 63 M156 E63 V8 Gasoline AMG 722.907
WE51720,324,2009,BMW,X SERIES ,X3,e83,SUV,6 cyl,Automatic,AWD,Gas,DISMANTLED - e83 we51720 SUV C BMW X3 3.0i BUILT SEPT. 2009 N52 6 CYL AUTOMATIC SILVER ON GRAY we51720
WE51828,325,2007,BMW,X SERIES ,X3,e83,SUV,6 cyl,Automatic,AWD,Gas,C PART OUT WE51828 BMW E83 X3 3.0i BUILT SEPT 2007 N52 BLACK ON BASIC BLACK
WJ02534,326,2007,BMW,X SERIES ,X3,e83,SUV,6 cyl,Automatic,AWD,Gas,DISMANTLED - E83 WJ02534 SUV V WJ02534 BMW E83 X3 3.0si AUTO BUILT AUG 2007 Montego-blau Metallic
,,,,,,,,,,,,
,,,,,,,,,,,,
,,,,,,,,,,,,
,,,,,,,,,,,,
,,,,,,,,,,,,
,,,,,,,,,,,,
,,,,,,,,,,,,
,,,,,,,,,,,,
,,,,,,,,,,,,
,,,,,,,,,,,,
,,,,,,,,,,,,
,,,,,,,,,,,,
,,,,,,,,,,,,
,,,,,,,,,,,,
,,,,,,,,,,,,
,,,,,,,,,,,,
,,,,,,,,,,,,
,,,,,,,,,,,,
,,,,,,,,,,,,
,,,,,,,,,,,,
,,,,,,,,,,,,
